Model,Type,Stage,Unit,CO2,"CO2 (VOC, CO, CO2)",CH4,N2O,GHG,VOC,CO,NOx,PM10,PM2.5,SOx,BC,OC
CV,Fixed,Battery.Cu.Mine,g,0,0,0,0,0,0,0,0,0,0,0,0,0
CV,Fixed,Battery.Cu.Prod,g,0,0,0,0,0,0,0,0,0,0,0,0,0
CV,Fixed,Battery.Li.Prod,g,0,0,0,0,0,0,0,0,0,0,0,0,0
CV,Fixed,Battery.Graphite.Prod,g,0,0,0,0,0,0,0,0,0,0,0,0,0
CV,Fixed,Battery.Ni.Mine,g,0,0,0,0,0,0,0,0,0,0,0,0,0
CV,Fixed,Battery.Ni.Prod,g,0,0,0,0,0,0,0,0,0,0,0,0,0
CV,Fixed,Battery.Mn.Mine,g,0,0,0,0,0,0,0,0,0,0,0,0,0
CV,Fixed,Battery.Co.Mine,g,0,0,0,0,0,0,0,0,0,0,0,0,0
CV,Fixed,Battery.Co.Prod,g,0,0,0,0,0,0,0,0,0,0,0,0,0
CV,Fixed,Battery.Remainder,g,49092.78052,49275.83541,263.5595417,0.910767648,57423.97509,31.10757463,54.7927864,63.92047164,73.97980583,36.56059977,711.9555234,0.319289805,0.767560986
CV,Fixed,Battery.Total,g,49092.78052,49275.83541,263.5595417,0.910767648,57423.97509,31.10757463,54.7927864,63.92047164,73.97980583,36.56059977,711.9555234,0.319289805,0.767560986
CV,Fixed,Car.Cu.Mine,g,7669.683264,7684.528395,14.02313688,0.103717333,8132.707595,0.986788538,7.48977143,7.10069875,2.551172596,1.275804483,2.637273709,0.024240452,0.094219918
CV,Fixed,Car.Cu.Prod,g,90385.68626,90529.62121,195.3763367,2.224344899,96980.36271,10.9956293,69.78697241,100.4574421,12.31467908,7.691820427,5143.631717,1.585772731,1.641199972
CV,Fixed,Car.Remainder,g,7750812.277,7987626.315,19765.81264,185.9123342,8781485.657,62114.17838,27506.7219,8345.869206,3611.657536,1734.627734,22629.45429,49.23922259,108.2776936
CV,Fixed,Total,g,7897960.427,8135116.3,20238.77166,189.151164,8944022.703,62157.26837,27638.79143,8517.347818,3700.503194,1780.155959,28487.6788,51.16852558,110.7806745
HEV,Fixed,Battery.Cu.Mine,g,404.7038107,405.4871392,0.739954538,0.005472821,429.1360728,0.052069566,0.395210458,0.37468038,0.134616937,0.067319982,0.139160208,0.001279088,0.004971673
HEV,Fixed,Battery.Cu.Prod,g,4769.353624,4776.948595,10.30936288,0.117371321,5117.332881,0.580202979,3.682427645,5.300806859,0.649804872,0.405871916,271.412428,0.083675981,0.086600693
HEV,Fixed,Battery.Li.Prod,g,0,0,0,0,0,0,0,0,0,0,0,0,0
HEV,Fixed,Battery.Graphite.Prod,g,0,0,0,0,0,0,0,0,0,0,0,0,0
HEV,Fixed,Battery.Ni.Mine,g,89145.26975,89363.17635,203.3106762,6.851829463,97278.23144,17.49638272,103.966678,132.0872339,151.9999897,100.6801884,22062.84212,0.677939281,1.69037169
HEV,Fixed,Battery.Ni.Prod,g,33497.78353,33588.1433,84.00167207,0.991013929,36370.81215,9.667821719,38.32715369,36.27103086,49.83332954,2.103432581,583.7167665,0.431723552,0.635774597
HEV,Fixed,Battery.Mn.Mine,g,0,0,0,0,0,0,0,0,0,0,0,0,0
HEV,Fixed,Battery.Co.Mine,g,3220.809276,3228.430078,5.029854314,0.068877375,3397.578212,0.869134847,3.125817269,5.895337685,55.18982117,6.009898546,46.09026992,0.207515166,0.083193269
HEV,Fixed,Battery.Co.Prod,g,13910.73099,13930.09719,32.62859374,0.339640552,14998.95974,2.494728289,7.376065407,14.9554615,1.766037053,1.148712495,14.44565696,0.117833873,0.312203017
HEV,Fixed,Battery.Remainder,g,159140.9502,159966.5131,626.935703,5.040413287,190751.3778,83.33638115,360.074379,167.7967515,91.5727533,42.85294104,796.8769628,0.957264803,2.71434322
HEV,Fixed,Battery.Total,g,304089.6012,305258.7957,962.9558168,13.41461875,348343.4283,114.4967213,516.9477315,362.6813027,351.1463525,153.2683649,23775.52337,2.477231744,5.527458159
HEV,Fixed,Car.Cu.Mine,g,14509.33051,14537.41419,26.52864803,0.196210067,15385.2693,1.866783875,14.16897744,13.43293869,4.82624968,2.413537596,4.989133786,0.045857531,0.178243075
HEV,Fixed,Car.Cu.Prod,g,170989.5638,171261.8566,369.608463,4.207964554,183465.2211,20.80127877,132.0213904,190.04308,23.29662683,14.55120909,9730.604257,2.999928405,3.104784385
HEV,Fixed,Car.Remainder,g,7415203.912,7651681.195,18734.43331,172.8143851,8391499.883,62068.78463,27382.45401,7991.995819,3460.78283,1671.939867,21522.70015,46.6603772,104.0969539
HEV,Fixed,Total,g,7904792.407,8142739.261,20093.52624,190.6331785,8938693.801,62205.94941,28045.59211,8558.15314,3840.052059,1842.172979,55033.8169,52.18339487,112.9074395
BEV300_NMC111,Fixed,Battery.Cu.Mine,g,8433.686223,8450.010128,15.42002873,0.114048965,8942.833966,1.085085865,8.235852765,7.808023247,2.805303483,1.40289166,2.899981418,0.026655125,0.103605481
BEV300_NMC111,Fixed,Battery.Cu.Prod,g,99389.30862,99547.58142,214.838431,2.445919379,106640.903,12.09094093,76.73868757,110.464346,13.5413857,8.458028543,5656.006181,1.743736889,1.804685424
BEV300_NMC111,Fixed,Battery.Li.Prod,g,1046717.094,1048427.349,1553.081882,8.952368221,1097392.183,175.1832558,740.8973441,1503.093708,274.4257526,193.0541043,1380.28526,17.68413666,33.98709525
BEV300_NMC111,Fixed,Battery.Graphite.Prod,g,518064.1466,518701.3828,1192.107456,11.33276462,557467.7891,127.0697388,153.4922645,1535.258347,609.0520099,303.7118131,8399.014467,2.251809056,4.584057634
BEV300_NMC111,Fixed,Battery.Ni.Mine,g,175325.7673,175610.6237,233.0106276,35.4463465,191994.2244,26.02234088,129.6613003,536.0723516,38.94159636,27.64355342,337.9724579,2.366842402,4.156789642
BEV300_NMC111,Fixed,Battery.Ni.Prod,g,749005.7807,751154.098,1487.926566,64.07048932,812770.5746,179.4732308,1011.155754,1406.549287,536.8883119,294.030575,61077.63822,7.556425057,16.11269996
BEV300_NMC111,Fixed,Battery.Mn.Mine,g,53561.21555,0,112.6510634,0.96165307,0,6.498511759,29.95565215,40.31190772,213.3301567,107.0198531,25.30527433,0.191662989,0.857906998
BEV300_NMC111,Fixed,Battery.Co.Mine,g,94580.88794,94839.67075,116.0252557,2.313634136,98933.54146,32.72517318,99.77504209,228.6039385,2681.160251,288.6807377,5.229096955,9.616868143,2.891803049
BEV300_NMC111,Fixed,Battery.Co.Prod,g,628102.396,629097.1946,1535.298321,14.80044296,679078.2616,121.5324979,392.0141685,711.6508443,73.25594482,51.29449073,2837.896414,5.858041897,15.62761979
BEV300_NMC111,Fixed,Battery.Remainder,g,3998155.301,4057876.053,10772.42764,101.3638572,4467127.45,747.6714312,2393.978488,3561.676084,735.012473,438.1104076,3822.859437,28.52260034,79.72358681
BEV300_NMC111,Fixed,Battery.Total,g,7371335.585,7383703.963,17232.78727,241.8015244,8020347.762,1429.352207,5035.904555,9641.488837,5178.413185,1713.406455,83545.10679,75.81877856,159.84985
BEV300_NMC111,Fixed,Car.Cu.Mine,g,20742.33622,20782.48426,37.92498465,0.28049917,21994.56607,2.668728151,20.25577222,19.2035415,6.899539124,3.450359633,7.132395967,0.065557285,0.25481381
BEV300_NMC111,Fixed,Car.Cu.Prod,g,244444.2918,244833.5579,528.3870957,6.015647345,262279.3173,29.73721755,188.7359355,271.6829325,33.30453228,20.80220525,13910.73592,4.288655741,4.438556386
BEV300_NMC111,Fixed,Car.Remainder,g,6174794.763,6402158.148,16208.08196,149.875438,7058858.978,61103.78836,23496.61034,6442.86377,2955.347975,1421.224438,17673.67533,37.64160014,90.69000947
BEV300_NMC111,Fixed,Total,g,13811316.98,14051478.15,34007.18131,397.9731089,15363480.62,62565.54652,28741.5066,16375.23908,8173.965232,3158.883458,115136.6504,117.8145917,255.2332297
BEV300_NMC622,Fixed,Battery.Cu.Mine,g,7392.177258,7406.485261,13.51574895,0.099964612,7838.448351,0.951084359,7.21877503,6.843779856,2.458865562,1.229643071,2.541851347,0.02336338,0.090810834
BEV300_NMC622,Fixed,Battery.Cu.Prod,g,87115.33338,87254.06045,188.3071912,2.143863209,93471.39994,10.59778325,67.2619263,96.82267098,11.86910691,7.41351345,4957.523811,1.528395987,1.581817748
BEV300_NMC622,Fixed,Battery.Li.Prod,g,882287.7439,883727.1294,1311.421539,7.582908743,925079.2464,147.5335022,623.3644683,1265.118139,230.8673347,162.3867886,1164.973347,14.87102241,28.61781475
BEV300_NMC622,Fixed,Battery.Graphite.Prod,g,505903.3901,506525.6682,1164.124573,11.06674545,544382.0929,124.0869728,149.8892704,1499.220526,594.7554537,296.5826469,8201.860561,2.198951313,4.476453954
BEV300_NMC622,Fixed,Battery.Ni.Mine,g,265089.5682,265520.2663,352.3080926,53.59427102,290291.9909,39.34533533,196.0456734,810.5322476,58.87902917,41.79658103,511.0085888,3.578625321,6.284995002
BEV300_NMC622,Fixed,Battery.Ni.Prod,g,1132483.959,1135732.178,2249.719576,96.87348649,1228895.239,271.3604623,1528.850245,2126.67852,811.7659656,444.5692117,92348.3467,11.42518574,24.36212737
BEV300_NMC622,Fixed,Battery.Mn.Mine,g,26994.54796,0,56.77549518,0.484667677,0,3.275212961,15.09747829,20.31697219,107.5171855,53.93739718,12.75371432,0.096597056,0.432380247
BEV300_NMC622,Fixed,Battery.Co.Mine,g,47668.22951,47798.65458,58.47606886,1.166058444,49861.94213,16.49330113,50.28605366,115.2150846,1351.289515,145.4934497,2.635435121,4.84684684,1.457452287
BEV300_NMC622,Fixed,Battery.Co.Prod,g,316560.0348,317061.4076,773.7816206,7.459339065,342251.581,61.25168762,197.572911,358.6679774,36.92057948,25.85213155,1430.28365,2.952419794,7.87623148
BEV300_NMC622,Fixed,Battery.Remainder,g,3664299.611,3696940.965,9952.370383,93.73306676,4073484.015,686.4245926,2210.419722,3282.704626,679.3427669,404.929229,3477.088131,26.36159155,73.40511751
BEV300_NMC622,Fixed,Battery.Total,g,6935794.595,6947966.814,16120.80029,274.2043715,7555555.956,1361.319934,5046.006524,9582.120543,3885.665802,1584.190592,112109.0158,67.88299939,148.5852012
BEV300_NMC622,Fixed,Car.Cu.Mine,g,20742.33622,20782.48426,37.92498465,0.28049917,21994.56607,2.668728151,20.25577222,19.2035415,6.899539124,3.450359633,7.132395967,0.065557285,0.25481381
BEV300_NMC622,Fixed,Car.Cu.Prod,g,244444.2918,244833.5579,528.3870957,6.015647345,262279.3173,29.73721755,188.7359355,271.6829325,33.30453228,20.80220525,13910.73592,4.288655741,4.438556386
BEV300_NMC622,Fixed,Car.Remainder,g,6174794.763,6402158.148,16208.08196,149.875438,7058858.978,61103.78836,23496.61034,6442.86377,2955.347975,1421.224438,17673.67533,37.64160014,90.69000947
BEV300_NMC622,Fixed,Total,g,13375775.99,13615741,32895.19432,430.375956,14898688.82,62497.51424,28751.60857,16315.87079,6881.217849,3029.667595,143700.5594,109.8788126,243.9685809
BEV300_NMC811,Fixed,Battery.Cu.Mine,g,11915.04972,11938.11201,21.78530291,0.161127538,12634.3699,1.53300131,11.63555207,11.03111768,3.963312079,1.981994995,4.097072367,0.037658165,0.14637306
BEV300_NMC811,Fixed,Battery.Cu.Prod,g,140416.4825,140640.0891,303.5221514,3.455576866,150661.4815,17.08199221,108.415852,156.0632136,19.13116988,11.94944037,7990.763833,2.463538621,2.549646262
BEV300_NMC811,Fixed,Battery.Li.Prod,g,1532516.759,1534777.422,2613.26823,21.70287927,1618926.732,280.765143,881.7523445,2375.550422,348.3014314,252.4771009,2152.245023,30.45014073,62.56978222
BEV300_NMC811,Fixed,Battery.Graphite.Prod,g,605528.8325,606273.6531,1393.370765,13.24607343,651584.9855,148.5229022,179.4063386,1794.455764,711.8781619,354.9874293,9817.018717,2.631981614,5.357983341
BEV300_NMC811,Fixed,Battery.Ni.Mine,g,484930.0106,485717.8893,644.4794047,98.04033631,531032.9606,71.97466883,358.6275806,1482.711727,107.7077775,76.45874797,934.7912183,6.546401757,11.4971808
BEV300_NMC811,Fixed,Battery.Ni.Prod,g,2071660.012,2077602,4115.426137,177.2112767,2248025.772,496.4013965,2796.735347,3890.346362,1484.968575,813.2532488,168933.4101,20.90016396,44.56579248
BEV300_NMC811,Fixed,Battery.Mn.Mine,g,18517.986,0,38.9474136,0.332477109,0,2.246762859,10.35671691,13.93723677,73.75569829,37.00050717,8.748918614,0.0662646,0.296608462
BEV300_NMC811,Fixed,Battery.Co.Mine,g,32699.92177,32789.39204,40.1139899,0.799904261,34204.78637,11.31423722,34.49572257,79.03637898,926.9708961,99.80703021,1.807881752,3.324887752,0.99979748
BEV300_NMC811,Fixed,Battery.Co.Prod,g,217156.9718,217500.9084,530.8063404,5.11703091,234781.1118,42.0180362,135.5330122,246.0425932,25.3271429,17.73429993,981.1600711,2.025330021,5.403014877
BEV300_NMC811,Fixed,Battery.Remainder,g,-561555.7395,-545409.6164,1264.539571,-221.1088513,-495217.7774,39.25291295,-1602.031683,-3555.250451,-1821.507308,-577.0100653,-165944.9773,-21.20945534,-26.76688831
BEV300_NMC811,Fixed,Battery.Total,g,4553786.287,4561829.849,10966.25931,98.95783118,4986634.422,1111.111053,2914.926784,6493.924365,1880.496858,1088.639734,24879.06557,47.23691188,106.6192907
BEV300_NMC811,Fixed,Car.Cu.Mine,g,20742.33622,20782.48426,37.92498465,0.28049917,21994.56607,2.668728151,20.25577222,19.2035415,6.899539124,3.450359633,7.132395967,0.065557285,0.25481381
BEV300_NMC811,Fixed,Car.Cu.Prod,g,244444.2918,244833.5579,528.3870957,6.015647345,262279.3173,29.73721755,188.7359355,271.6829325,33.30453228,20.80220525,13910.73592,4.288655741,4.438556386
BEV300_NMC811,Fixed,Car.Remainder,g,6174794.763,6402158.148,16208.08196,149.875438,7058858.978,61103.78836,23496.61034,6442.86377,2955.347975,1421.224438,17673.67533,37.64160014,90.69000947
BEV300_NMC811,Fixed,Total,g,10993767.68,11229604.04,27740.65334,255.1294157,12329767.28,62247.30536,26620.52883,13227.67461,4876.048904,2534.116737,56470.60921,89.23272505,202.0026703
BEV300_LFP,Fixed,Battery.Cu.Mine,g,13470.07804,13496.15018,24.62849399,0.182156227,14283.2764,1.733072691,13.15410326,12.47078439,4.480562336,2.24066436,4.631779626,0.042572917,0.165476149
BEV300_LFP,Fixed,Battery.Cu.Prod,g,158742.1808,158994.9703,343.1347047,3.906562806,170324.2506,19.3113561,122.5651611,176.4309605,21.62797113,13.508957,9033.63519,2.785054051,2.882399565
BEV300_LFP,Fixed,Battery.Li.Prod,g,915678.5658,917120.7765,1415.266115,8.733708142,961893.1926,150.0686547,620.1342987,1269.569252,229.0923206,160.5592403,1244.620955,14.61145373,28.99269266
BEV300_LFP,Fixed,Battery.Graphite.Prod,g,684556.1557,685398.1825,1575.21902,14.97481312,736623.0786,167.9065662,202.8205873,2028.649461,804.7850931,401.3166952,11098.23386,2.97548047,6.057251581
BEV300_LFP,Fixed,Battery.Ni.Mine,g,0,0,0,0,0,0,0,0,0,0,0,0,0
BEV300_LFP,Fixed,Battery.Ni.Prod,g,0,0,0,0,0,0,0,0,0,0,0,0,0
BEV300_LFP,Fixed,Battery.Mn.Mine,g,0,0,0,0,0,0,0,0,0,0,0,0,0
BEV300_LFP,Fixed,Battery.Co.Mine,g,0,0,0,0,0,0,0,0,0,0,0,0,0
BEV300_LFP,Fixed,Battery.Co.Prod,g,0,0,0,0,0,0,0,0,0,0,0,0,0
BEV300_LFP,Fixed,Battery.Remainder,g,3371340.809,3377854.958,9016.067363,83.99555423,3749271.319,914.3702051,2331.866672,3848.709885,1059.436922,649.8813741,6682.37697,32.9591811,82.36890439
BEV300_LFP,Fixed,Battery.Total,g,5143787.789,5152865.037,12374.3157,111.7927945,5632395.118,1253.389855,3290.540823,7335.830342,2119.42287,1227.506931,28063.49876,53.37374227,120.4667243
BEV300_LFP,Fixed,Car.Cu.Mine,g,22206.59171,22249.5739,40.60220801,0.300300337,23547.21973,2.857120616,21.6856799,20.55916947,7.386595545,3.693929498,7.63589036,0.070185145,0.27280178
BEV300_LFP,Fixed,Car.Cu.Prod,g,261700.2505,262116.9958,565.6873158,6.440307545,280794.2968,31.83644513,202.0592963,290.8617377,35.65558589,22.27068705,14892.73097,4.59140311,4.751885632
BEV300_LFP,Fixed,Car.Remainder,g,6488174.845,6718628.197,17024.43133,157.3404388,7411027.108,61342.11434,24990.2732,6769.78977,3137.497533,1506.864683,18796.37763,39.38751157,94.82042772
BEV300_LFP,Fixed,Total,g,11915869.48,12155859.8,30005.03655,275.8738412,13347763.74,62630.19776,28504.559,14417.04102,5299.962584,2760.33623,61760.24324,97.4228421,220.3118395
PHEV20_NMC111,Fixed,Battery.Cu.Mine,g,2222.877045,2227.179557,4.064275929,0.030060026,2357.073742,0.285997415,2.170733838,2.057970286,0.739397288,0.369761879,0.764351667,0.007025524,0.027307424
PHEV20_NMC111,Fixed,Battery.Cu.Prod,g,26196.16225,26237.87841,56.62522936,0.644673978,28107.47389,3.186824164,20.22611022,29.11522347,3.569119676,2.229292981,1490.760502,0.459598875,0.475663156
PHEV20_NMC111,Fixed,Battery.Li.Prod,g,122183.1987,122378.6719,185.6625744,1.114663236,128243.9349,20.20332216,84.32210416,171.9541681,31.18603097,21.89227066,163.9878308,1.997955693,3.910206335
PHEV20_NMC111,Fixed,Battery.Graphite.Prod,g,57716.45294,57787.4461,132.8102212,1.26255982,62106.33109,14.15657626,17.10025509,171.0399507,67.85322222,33.83590369,935.7167957,0.25086938,0.510700361
PHEV20_NMC111,Fixed,Battery.Ni.Mine,g,19499.01914,19530.69971,25.91449481,3.942198568,21352.81717,2.894098971,14.42040275,59.6197878,4.330926049,3.07440364,37.5879229,0.263230591,0.462301247
PHEV20_NMC111,Fixed,Battery.Ni.Prod,g,83301.37821,83540.30533,165.4811442,7.125659375,90393.03939,19.96028317,112.4566326,156.4306941,59.71053559,32.70088531,6792.806641,0.840394878,1.791988991
PHEV20_NMC111,Fixed,Battery.Mn.Mine,g,5956.860666,0,12.52859335,0.106951145,0,0.722738061,3.331545862,4.483326509,23.72571284,11.90231302,2.814349745,0.021315978,0.095412929
PHEV20_NMC111,Fixed,Battery.Co.Mine,g,10518.90188,10547.68266,12.90385729,0.257312984,11002.98632,3.639560732,11.09657459,25.42440076,298.1877441,32.10589816,0.581558907,1.069548982,0.32161458
PHEV20_NMC111,Fixed,Battery.Co.Prod,g,69854.99524,69965.63269,170.7496383,1.646045103,75524.32379,13.51635038,43.59822228,79.14691404,8.147228396,5.704764746,315.6193031,0.651507607,1.738040347
PHEV20_NMC111,Fixed,Battery.Remainder,g,655051.3244,662074.3077,1820.46202,16.00231204,729353.532,133.0872585,409.7202887,578.1195094,156.5846503,88.40832397,1012.850429,4.390649564,12.7668295
PHEV20_NMC111,Fixed,Battery.Total,g,1052501.17,1054289.804,2587.202048,32.13243627,1148441.512,211.6530098,718.4428701,1277.391945,654.0345675,232.223818,10753.48969,9.952097073,22.10006487
PHEV20_NMC111,Fixed,Car.Cu.Mine,g,14915.3418,14944.21134,27.27099315,0.201700568,15815.79179,1.919021663,14.56546471,13.80882955,4.961301525,2.481075069,5.128743581,0.047140752,0.18323081
PHEV20_NMC111,Fixed,Car.Cu.Prod,g,175774.3258,176054.2381,379.9511325,4.325715067,188599.0866,21.38335622,135.7157149,195.3610123,23.94853103,14.95839226,10002.89354,3.083874718,3.191664859
PHEV20_NMC111,Fixed,Car.Remainder,g,7424786.353,7661665.858,18723.70687,172.5815205,8400127.592,62086.44333,27603.39073,8000.319676,3466.115693,1674.6508,21583.49168,46.6276592,104.0956565
PHEV20_NMC111,Fixed,Total,g,8667977.191,8906954.112,21718.13104,209.2413724,9752983.983,62321.39871,28472.11478,9486.881463,4149.060093,1924.314086,42345.00364,59.71077174,129.5706171
PHEV20_LFP,Fixed,Battery.Cu.Mine,g,4454.38279,4463.004515,8.144328447,0.060236738,4723.297104,0.573105007,4.349893967,4.123929141,1.481664746,0.74095909,1.531670373,0.01407832,0.054720849
PHEV20_LFP,Fixed,Battery.Cu.Prod,g,52494.01201,52577.60625,113.4702649,1.291850432,56324.05456,6.38601885,40.53073356,58.34346556,7.152093856,4.467239566,2987.307795,0.920981809,0.953172727
PHEV20_LFP,Fixed,Battery.Li.Prod,g,101582.4813,101734.5877,165.2845908,1.100813252,106984.8409,16.18259263,64.69947399,134.2095917,23.80931847,16.59425902,143.5048171,1.495354681,3.108202903
PHEV20_LFP,Fixed,Battery.Graphite.Prod,g,67046.08432,67128.55324,154.2784568,1.466647513,72145.56853,16.44492961,19.86444222,198.6878676,78.82142139,39.30534078,1086.971634,0.291421402,0.593253011
PHEV20_LFP,Fixed,Battery.Ni.Mine,g,0,0,0,0,0,0,0,0,0,0,0,0,0
PHEV20_LFP,Fixed,Battery.Ni.Prod,g,0,0,0,0,0,0,0,0,0,0,0,0,0
PHEV20_LFP,Fixed,Battery.Mn.Mine,g,0,0,0,0,0,0,0,0,0,0,0,0,0
PHEV20_LFP,Fixed,Battery.Co.Mine,g,0,0,0,0,0,0,0,0,0,0,0,0,0
PHEV20_LFP,Fixed,Battery.Co.Prod,g,0,0,0,0,0,0,0,0,0,0,0,0,0
PHEV20_LFP,Fixed,Battery.Remainder,g,607946.8349,609093.4207,1661.572347,14.22236412,677438.9797,155.7063965,420.827804,613.6274724,220.2318619,124.3944158,1466.440746,4.832439212,12.80609399
PHEV20_LFP,Fixed,Battery.Total,g,833523.7954,834997.1724,2102.749988,18.14191205,917616.7408,195.2930426,550.2723477,1008.992326,331.4963604,185.5022142,5685.756663,7.554275423,17.51544348
PHEV20_LFP,Fixed,Car.Cu.Mine,g,15498.53695,15528.5353,28.33729865,0.209587132,16434.19485,1.99405609,15.13497954,14.34875968,5.155290173,2.578085983,5.329279272,0.048983972,0.1903952
PHEV20_LFP,Fixed,Car.Cu.Prod,g,182647.1642,182938.0213,394.8073564,4.49485206,195973.3777,22.21945302,141.0222474,202.9996971,24.88492708,15.5432707,10394.01022,3.204455312,3.316460086
PHEV20_LFP,Fixed,Car.Remainder,g,7618865.765,7857779.539,19228.23274,177.0500291,8617683.992,62245.8351,28581.79847,8205.546813,3581.14328,1728.709341,22292.03811,47.69234531,106.6343015
PHEV20_LFP,Fixed,Total,g,8650535.261,8891243.268,21754.12738,199.8963804,9747708.306,62465.34165,29288.22804,9431.887597,3942.679858,1932.332912,38377.13428,58.50006001,127.6566002
CV,Variable,Feedstock,g/mi,,-3.842483529,0.395462656,0.000363222,8.117649879,0.01593748,0.031832688,0.049027726,0.002409736,0.002058855,0.011055014,0.000373805,0.000753733
CV,Variable,Fuel,g/mi,,78.10100094,0.2191248,0.015102684,88.67695611,0.14151941,0.050736447,0.085617583,0.012771941,0.008163652,0.026316275,0.000995278,0.001451077
CV,Variable,Operation,g/mi,,411.1805874,0.008985242,0.005015405,412.7792269,0.165311736,1.448252004,0.045956429,0.037901857,0.009133737,0.002443743,0.003854871,0.001929371
HEV,Variable,Feedstock,g/mi,,-2.65220642,0.272961117,0.000250707,5.603064517,0.011000564,0.021971951,0.033840522,0.001663278,0.001421088,0.007630528,0.000258012,0.000520251
HEV,Variable,Fuel,g/mi,,53.90783707,0.151247025,0.010424361,61.20770342,0.097681275,0.035019937,0.059096025,0.008815607,0.005634816,0.018164344,0.000686973,0.001001581
HEV,Variable,Operation,g/mi,,283.8064407,0.007547603,0.005015405,285.361951,0.158896076,1.071706483,3.58E-02,0.037901857,0.009133737,0.00168675,0.003854871,0.001929371
BEV300,Variable,Feedstock_NG,g/mi,,18.712,0.637,0.003,38.542,0.03,0.077,0.089,0.001,0.001,0.038,0,0
BEV300,Variable,Feedstock_NGCC,g/mi,,17.16633462,0.583999802,0.002532473,35.35743396,0.027133001,0.070873781,0.081727945,0.001261453,0.001135658,0.034746364,0.000301594,0.000427899
BEV300,Variable,Feedstock_Nuclear,g/mi,,2.613747154,0.007494765,5.20E-05,2.852367643,0.001388664,0.005177269,0.005138229,0.000340676,0.000244505,0.001066603,4.07E-05,7.49E-05
BEV300,Variable,Feedstock_Coal,g/mi,,7.717419436,0.701554782,0.000153994,28.80487132,0.034976313,0.008618437,0.025816185,0.040424061,0.005673715,0.032239653,0.000170852,0.000376896
BEV300,Variable,Feedstock_RFC,g/mi,,10.31906291,0.401739896,0.001221092,22.69484914,0.019457742,0.036273497,0.044490675,0.008072599,0.001651826,0.022379173,0.000187778,0.000294841
BEV300,Variable,Fuel,g/mi,,174.5078099,0.016197404,0.002570772,175.6749866,0.002159646,0.022158071,0.075881987,0.011196207,0.009914651,0.078690279,0.000517946,0.003064235
BEV300,Variable,Operation,g/mi,,0,0,0,0,0,0,0,0.032395091,0.00426235,0,0.000462543,0.000671818
PHEV20_CD_Electric,Variable,Feedstock_NG,g/mi,,22.827,0.777,0.003,47.016,0.036,0.094,0.109,0.002,0.002,0.046,0,0.001
PHEV20_CD_Electric,Variable,Feedstock_NGCC,g/mi,,20.94064783,0.712,0.003,43.131,0.033,0.086,0.1,0.002,0.001,0.042,0,0.001
PHEV20_CD_Electric,Variable,Feedstock_Nuclear,g/mi,,3.188424312,0.009,0,3.48,0.002,0.006,0.006,0,0,0.001,0,0
PHEV20_CD_Electric,Variable,Feedstock_Coal,g/mi,,9.414,0.856,0,35.138,0.043,0.011,0.031,0.049,0.007,0.039,0,0
PHEV20_CD_Electric,Variable,Feedstock_RFC,g/mi,,12.58788595,0.490069305,0.00148957,27.68470111,0.02373586,0.044248848,0.054272714,0.009847499,0.002015009,0.027299619,0.000229064,0.000359666
PHEV20_CD_Electric,Variable,Fuel,g/mi,,212.8763461,0.019758681,0.003136,214.3001466,0.002634481,0.027029903,0.092565944,0.013657886,0.012094557,0.095991687,0.000631825,0.003737959
PHEV20_CD_Electric,Variable,Operation,g/mi,,0,0,0,0,0,0,0,0.032395091,0.00426235,0,0.000462543,0.000671818
PHEV20_CD_Gasoline,Variable,Feedstock,g/mi,,-0.115738467,0.01191163,1.09E-05,0.244509664,0.000480049,0.000958824,0.001476752,7.26E-05,6.20E-05,0.000332985,1.13E-05,2.27E-05
PHEV20_CD_Gasoline,Variable,Fuel,g/mi,,2.352460349,0.006600202,0.000454904,2.671016,0.00426267,0.00152822,0.002578865,0.0003847,0.000245895,0.000792666,3.00E-05,4.37E-05
PHEV20_CD_Gasoline,Variable,Operation,g/mi,,12.38518479,0.000227339,0.000151068,12.43203792,0.004786068,0.032280598,0.001079709,0.000165868,0.00014673,7.36E-05,0.000102179,3.79E-05
PHEV20_CS_Gasoline,Variable,Feedstock,g/mi,,-2.774903747,0.285588942,0.000262306,5.862275502,0.011509476,0.022988425,0.035406065,0.001740225,0.001486831,0.007983534,0.000269948,0.000544319
PHEV20_CS_Gasoline,Variable,Fuel,g/mi,,56.40174082,0.158244069,0.010906616,64.0393162,0.102200241,0.036640041,0.061829947,0.009223437,0.005895496,0.019004669,0.000718754,0.001047916
PHEV20_CS_Gasoline,Variable,Operation,g/mi,,296.9369565,0.007547603,0.005015405,298.4924668,0.158896076,1.071706483,0.035846014,0.037901857,0.009133737,0.001764783,0.003854871,0.001929371
PHEV20_Average,Variable,Feedstock,g/mi,,3.680332478,0.377204128,0.000786532,15.20488725,0.016889076,0.032395522,0.044018973,0.00520338,0.001736704,0.01630248,0.000257406,0.000475754
PHEV20_Average,Variable,Fuel,g/mi,,123.6453155,0.102407041,0.007809319,128.7869963,0.061851196,0.033218351,0.075934662,0.011263749,0.008624136,0.051934724,0.000694642,0.002205321
PHEV20_Average,Variable,Operation,g/mi,,176.4645532,0.004448379,0.002955961,177.3813342,0.093649591,0.631638464,0.021126793,0.035640649,0.007133431,0.00104878,0.002461901,0.00141299
PHEV20_Average,Variable,Total,g/mi,,303.7902012,0.484059548,0.011551812,321.3732177,0.172389862,0.697252337,0.141080428,0.052107779,0.017494271,0.069285983,0.003413949,0.004094064
